1	Jack	jack@ceng.metu.edu.tr	jack1234	unverified
2	Mike	mike@gmail.com	mike0612	unverified
3	Tom	tom@gmail.com	tom2116	unverified
4	Mert	mert@metu.edu.tr	mert12098	unverified
5	Sarah	sarah@gmail.com	36721672	unverified
6	Richard	richard@hotmail.com	rich.123.ard	verified
7	Cindy	cindy@yahoo.com	cindy7782	unverified